{"Pins":[{"position":{"x":-6.403331279754639,"y":2.7333030700683595,"z":-48.39942932128906},"material":{"instanceID":-31728},"name":"CylinderContArea(Clone)"},{"position":{"x":0.0,"y":1.0,"z":-55.400001525878909},"material":{"instanceID":-31726},"name":"CylinderThrowable(Clone)"},{"position":{"x":3.1787991523742677,"y":1.2733612060546876,"z":-46.024417877197269},"material":{"instanceID":-31628},"name":"CylinderSpawn(Clone)"}]}