{"Pins":[{"position":{"x":-6.870319366455078,"y":0.10000000149011612,"z":-52.32723617553711},"material":{"instanceID":-62292},"name":"CylinderContArea(Clone)"},{"position":{"x":4.42195463180542,"y":0.10000000149011612,"z":-62.56671142578125},"material":{"instanceID":-62336},"name":"CylinderThrowable(Clone)"},{"position":{"x":9.191154479980469,"y":0.10000000149011612,"z":-42.33546447753906},"material":{"instanceID":-62440},"name":"CylinderSpawn(Clone)"},{"position":{"x":-1.5506658554077149,"y":0.10000000149011612,"z":-43.43327713012695},"material":{"instanceID":-63060},"name":"CylinderSpawn(Clone)"}]}